{
    "deviceId": "device-0",
    "data": {
        "numeric_0_0": [
            [
                1724127689040,
                1724127689040,
                1724127689040,
                1724127689040,
                1724127689040,
                1724127689040,
                1724127689040,
                1724127689040,
                1724127689040,
                1724127689040
            ],
            [
                0.41097141074774424,
                0.13031238428760017,
                0.10559863474228814,
                0.04534126737961586,
                0.10772827075713876,
                0.03233390341071274,
                0.8546533921739099,
                0.18738072053363541,
                0.591700925951966,
                0.2528524156385018
            ],
            [
                92,
                92,
                92,
                92,
                92,
                92,
                92,
                92,
                92,
                92
            ]
        ],
        "numeric_0_1": [
            [
                1724127689040,
                1724127689040,
                1724127689040,
                1724127689040,
                1724127689040,
                1724127689040,
                1724127689040,
                1724127689040,
                1724127689040,
                1724127689040
            ],
            [
                0.47364218322202045,
                0.4226203985050744,
                0.5573937443187523,
                0.6716391258068362,
                0.21722843469896125,
                0.9005538487686138,
                0.49364828568497054,
                0.7529304684085842,
                0.2737168017250249,
                0.23699777630966323
            ],
            [
                92,
                92,
                92,
                92,
                92,
                92,
                92,
                92,
                92,
                92
            ]
        ],
        "numeric_0_2": [
            [
                1724127689040,
                1724127689040,
                1724127689040,
                1724127689040,
                1724127689040,
                1724127689040,
                1724127689040,
                1724127689040,
                1724127689040,
                1724127689040
            ],
            [
                0.8565183336687325,
                0.0032434777105002643,
                0.9655731679989237,
                0.41497002929577564,
                0.17005685167517515,
                0.6098681387519722,
                0.4537336954712766,
                0.07647033245663626,
                0.6888452718170359,
                0.3763135213806895
            ],
            [
                92,
                92,
                92,
                92,
                92,
                92,
                92,
                92,
                92,
                92
            ]
        ]
    }
}