{
  "deviceId": "dev-0",
  "data": {
    "numeric_0": [
      [
        1724134201013,
        1724134206013,
        1724134211013,
        1724134216013,
        1724134221013,
        1724134226013,
        1724134231013,
        1724134236013,
        1724134241013,
        1724134246013
      ],
      [
        0.016876025314468412,
        0.5542636891712646,
        0.6447475029366483,
        0.35046555940980306,
        0.4405737615532874,
        0.15633520847974014,
        0.24235035896054669,
        0.8910171743690233,
        0.32653725318911464,
        0.3502866606760183
      ],
      [
        92,
        92,
        92,
        92,
        92,
        92,
        92,
        92,
        92,
        92
      ]
    ],
    "numeric_1": [
      [
        1724134201013,
        1724134206013,
        1724134211013,
        1724134216013,
        1724134221013,
        1724134226013,
        1724134231013,
        1724134236013,
        1724134241013,
        1724134246013
      ],
      [
        0.7238046733025901,
        0.9504252240329562,
        0.28241591415874656,
        0.2215201755209153,
        0.31343979219332074,
        0.6679690902344002,
        0.3967979691236584,
        0.7042116787973919,
        0.002409384500991041,
        0.4801330245690235
      ],
      [
        92,
        92,
        92,
        92,
        92,
        92,
        92,
        92,
        92,
        92
      ]
    ],
    "numeric_2": [
      [
        1724134201013,
        1724134206013,
        1724134211013,
        1724134216013,
        1724134221013,
        1724134226013,
        1724134231013,
        1724134236013,
        1724134241013,
        1724134246013
      ],
      [
        0.31094851692612746,
        0.1685312349050928,
        0.21959026307733986,
        0.14961410169421907,
        0.35013832693855373,
        0.7785742230412134,
        0.5879570252036646,
        0.49992015219394925,
        0.2924973490674112,
        0.6246456472430598
      ],
      [
        92,
        92,
        92,
        92,
        92,
        92,
        92,
        92,
        92,
        92
      ]
    ]
  }
}