{
  "deviceId": "dev-0",
  "data": {
    "numeric_0": [
      [
        1724134201013,
        1724134206013,
        1724134211013
      ],
      [
        0.016876025314468412,
        0.5542636891712646,
        0.6447475029366483
      ],
      [
        192,
        192,
        192
      ]
    ],
    "numeric_1": [
      [
        1724134201013,
        1724134206013,
        1724134211013
      ],
      [
        0.7238046733025901,
        0.9504252240329562,
        0.28241591415874656
      ],
      [
        192,
        192,
        192
      ]
    ],
    "numeric_2": [
      [
        1724134201013,
        1724134206013,
        1724134211013
      ],
      [
        0.31094851692612746,
        0.1685312349050928,
        0.21959026307733986
      ],
      [
        192,
        192,
        192
      ]
    ]
  }
}