{
  "deviceId": "dev-0",
  "data": {
    "numeric_0": [
      [
        1724134158209,
        0.431841572321211,
        92
      ],
      [
        1724134163209,
        0.9643723016739462,
        92
      ],
      [
        1724134173209,
        0.1,
        92
      ]
    ],
    "text_1": [
      [
        1724134158209,
        "text1",
        92
      ],
      [
        1724134163209,
        "text2",
        92
      ],
      [
        1724134173209,
        "text3",
        92
      ]
    ],
    "bool_2": [
      [
        1724134158209,
        true,
        92
      ],
      [
        1724134163209,
        false,
        92
      ],
      [
        1724134173209,
        true,
        92
      ]
    ]
  }
}