{
    "deviceId": "device-0",
    "data": {
        "numeric_0_0": [
            [
                1724127642412,
                0.654073113277675,
                92
            ],
            [
                1724127642412,
                0.17795330668461162,
                92
            ],
            [
                1724127642412,
                0.2219991577777567,
                92
            ],
            [
                1724127642412,
                0.5767340377413451,
                92
            ],
            [
                1724127642412,
                0.9719523773654445,
                92
            ],
            [
                1724127642412,
                0.9247394991078587,
                92
            ],
            [
                1724127642412,
                0.3265824245248077,
                92
            ],
            [
                1724127642412,
                0.9753508991439906,
                92
            ],
            [
                1724127642412,
                0.9216617740502121,
                92
            ],
            [
                1724127642412,
                0.4131176891494185,
                92
            ]
        ],
        "numeric_0_1": [
            [
                1724127642412,
                0.32069320570255855,
                92
            ],
            [
                1724127642412,
                0.6623600264722906,
                92
            ],
            [
                1724127642412,
                0.407857895077973,
                92
            ],
            [
                1724127642412,
                0.5008776113169147,
                92
            ],
            [
                1724127642412,
                0.8707013144142415,
                92
            ],
            [
                1724127642412,
                0.4419069220495093,
                92
            ],
            [
                1724127642412,
                0.9406637973303997,
                92
            ],
            [
                1724127642412,
                0.4110280028553507,
                92
            ],
            [
                1724127642412,
                0.3478916584792491,
                92
            ],
            [
                1724127642412,
                0.4394444658400104,
                92
            ]
        ],
        "numeric_0_2": [
            [
                1724127642412,
                0.47471689558598573,
                92
            ],
            [
                1724127642412,
                0.0839070911508546,
                92
            ],
            [
                1724127642412,
                0.30949926495236746,
                92
            ],
            [
                1724127642412,
                0.9263925636554283,
                92
            ],
            [
                1724127642412,
                0.522054757386667,
                92
            ],
            [
                1724127642412,
                0.8531856447889747,
                92
            ],
            [
                1724127642412,
                0.2804404599671605,
                92
            ],
            [
                1724127642412,
                0.1081682850532436,
                92
            ],
            [
                1724127642412,
                0.328969265890517,
                92
            ],
            [
                1724127642412,
                0.9832758819299194,
                92
            ]
        ]
    }
}