{
  "deviceId": "dev-0",
  "data": {
    "numeric_0": [
      [
        1724134158209,
        0.431841572321211,
        92
      ],
      [
        1724134163209,
        0.9643723016739462,
        92
      ],
      [
        1724134168209,
        0.9008444929869364,
        92
      ],
      [
        1724134173209,
        0.23987043482716186,
        92
      ],
      [
        1724134178209,
        0.24146392485016033,
        92
      ],
      [
        1724134183209,
        0.34656173835371107,
        92
      ],
      [
        1724134188209,
        0.9629948231087709,
        92
      ],
      [
        1724134193209,
        0.16883130350971964,
        92
      ],
      [
        1724134198209,
        0.9482065628059045,
        92
      ],
      [
        1724134203209,
        0.2427364124904724,
        92
      ]
    ],
    "numeric_1": [
      [
        1724134158209,
        0.8836344890564254,
        92
      ],
      [
        1724134163209,
        0.823062364440645,
        92
      ],
      [
        1724134168209,
        0.9795010075664315,
        92
      ],
      [
        1724134173209,
        0.5442679025620978,
        92
      ],
      [
        1724134178209,
        0.7785714604789967,
        92
      ],
      [
        1724134183209,
        0.23546125188931555,
        92
      ],
      [
        1724134188209,
        0.573780234731586,
        92
      ],
      [
        1724134193209,
        0.5613929134971385,
        92
      ],
      [
        1724134198209,
        0.6689977681339518,
        92
      ],
      [
        1724134203209,
        0.8779698645933374,
        92
      ]
    ],
    "numeric_2": [
      [
        1724134158209,
        0.6048722819890063,
        92
      ],
      [
        1724134163209,
        0.8246686841491093,
        92
      ],
      [
        1724134168209,
        0.9927773278132517,
        92
      ],
      [
        1724134173209,
        0.5870362873904038,
        92
      ],
      [
        1724134178209,
        0.8428332616613347,
        92
      ],
      [
        1724134183209,
        0.3953122303034865,
        92
      ],
      [
        1724134188209,
        0.515978921682671,
        92
      ],
      [
        1724134193209,
        0.49093043086530785,
        92
      ],
      [
        1724134198209,
        0.49556519927231535,
        92
      ],
      [
        1724134203209,
        0.8039898754411072,
        92
      ]
    ]
  }
}